Epoch,train_loss,train_acc
0,0.019291327164055558,99.31192660550458
1,0.0192595951498375,99.08256880733946
2,0.019241545451890437,99.31192660550458
3,0.01922351914808291,99.31192660550458
4,0.019213577903328685,99.31192660550458
5,0.019198105405640164,99.31192660550458
6,0.019185496545439468,99.31192660550458
7,0.019173497658803922,99.31192660550458
8,0.019162357673732512,99.31192660550458
9,0.019150962403744733,99.31192660550458
10,0.019143976783807123,99.31192660550458
11,0.019135065034988824,99.31192660550458
12,0.01912389300900315,99.31192660550458
13,0.019115341212087814,99.31192660550458
14,0.01910748477991021,99.31192660550458
15,0.01910069225988257,99.31192660550458
16,0.01909068678804767,99.31192660550458
17,0.019087986593399574,99.31192660550458
18,0.019079112661404347,99.31192660550458
19,0.019071032558012447,99.31192660550458
20,0.019064409333631533,99.31192660550458
21,0.019058576622687347,99.31192660550458
22,0.019051327421372638,99.31192660550458
23,0.019045782121701525,99.31192660550458
24,0.019041155063367766,99.31192660550458
25,0.019033359244055706,99.31192660550458
26,0.0190277671902825,99.31192660550458
27,0.01902139993435746,99.31192660550458
28,0.019016129306491908,99.31192660550458
29,0.01901067444764146,99.31192660550458
30,0.019004486261978062,99.31192660550458
31,0.01900053122550796,99.31192660550458
32,0.018995007713658547,99.31192660550458
33,0.018989843529982304,99.31192660550458
34,0.01898834119559428,99.31192660550458
35,0.018981131853176913,99.31192660550458
36,0.018976876392550426,99.31192660550458
37,0.01897224175547241,99.31192660550458
38,0.018966330915962885,99.31192660550458
39,0.01896174603201654,99.31192660550458
40,0.018958228674435286,99.31192660550458
41,0.0189572688397191,99.54128440366972
42,0.018947046771303776,99.31192660550458
43,0.018944524296926796,99.31192660550458
44,0.01893942818524094,99.31192660550458
45,0.018934107120704213,99.31192660550458
46,0.01893129293729953,99.31192660550458
47,0.018923685219514808,99.31192660550458
48,0.018922492511433745,99.31192660550458
49,0.018915864673161177,99.31192660550458
50,0.018912156804575832,99.31192660550458
51,0.018910819955101802,99.31192660550458
52,0.01890474621103991,99.31192660550458
53,0.018902817553063053,99.31192660550458
54,0.018897791521264872,99.31192660550458
55,0.01889710865675583,99.31192660550458
56,0.01888988578880052,99.54128440366972
57,0.018884338865723084,99.54128440366972
58,0.018881050254636947,99.54128440366972
59,0.018877339609172365,99.54128440366972
60,0.018872920577542498,99.54128440366972
61,0.018872072245207948,99.31192660550458
62,0.01886556990478837,99.31192660550458
63,0.018861474836706568,99.31192660550458
64,0.01885707170591442,99.31192660550458
65,0.018858103577150117,99.31192660550458
66,0.01885422755784671,99.31192660550458
67,0.018846856959916038,99.31192660550458
68,0.01884425498135046,99.31192660550458
69,0.01884101905407162,99.31192660550458
70,0.0188375488094507,99.54128440366972
71,0.018834305380325798,99.54128440366972
72,0.01883055163769547,99.54128440366972
73,0.018826718809544493,99.31192660550458
74,0.018827320102157943,99.54128440366972
75,0.01882175979879471,99.54128440366972
76,0.018818411057592806,99.54128440366972
77,0.018817231229959278,99.31192660550458
78,0.01881404983204439,99.31192660550458
79,0.01880887759114624,99.31192660550458
80,0.018805485513539763,99.54128440366972
81,0.018801983668033137,99.54128440366972
82,0.018801074731377286,99.54128440366972
83,0.018797604777260658,99.54128440366972
84,0.018792866002939165,99.54128440366972
85,0.01878838280403833,99.54128440366972
86,0.01878578468747095,99.54128440366972
87,0.018783823535734906,99.54128440366972
88,0.01877988410105399,99.54128440366972
89,0.018776529716379053,99.31192660550458
90,0.018773962397538466,99.54128440366972
91,0.018772587359566755,99.54128440366972
92,0.018768313118692384,99.54128440366972
93,0.018765427402878572,99.54128440366972
94,0.018762094242105242,99.54128440366972
95,0.01875972329134788,99.54128440366972
96,0.018756917515479095,99.54128440366972
97,0.018753671386373152,99.54128440366972
98,0.018751760637131305,99.54128440366972
99,0.01874927872227966,99.31192660550458
100,0.018746227897498587,99.31192660550458
101,0.018742796033620834,99.54128440366972
102,0.018739736032321912,99.54128440366972
103,0.018736464492634896,99.31192660550458
104,0.018734241075335292,99.54128440366972
105,0.018731148016357092,99.54128440366972
106,0.018727525316793985,99.54128440366972
107,0.018727185221713617,99.54128440366972
108,0.01872489175870331,99.54128440366972
109,0.018721257635486235,99.54128440366972
110,0.01871903652513246,99.54128440366972
111,0.01871459456075222,99.54128440366972
112,0.018713567747708854,99.54128440366972
113,0.018713796289142118,99.31192660550458
114,0.01870734906763932,99.54128440366972
115,0.018703800566289404,99.54128440366972
116,0.01870137579534032,99.54128440366972
117,0.018700380143154106,99.54128440366972
118,0.018696897005269286,99.31192660550458
119,0.01869289166883591,99.54128440366972
120,0.018691526230322112,99.54128440366972
121,0.01868731279028665,99.54128440366972
122,0.018685141663759126,99.54128440366972
123,0.0186833727831414,99.31192660550458
124,0.01867969017988498,99.54128440366972
125,0.0186779132335011,99.31192660550458
126,0.01867463196192039,99.54128440366972
127,0.018676394297647367,99.31192660550458
128,0.018671037142224813,99.31192660550458
129,0.018667944869317048,99.31192660550458
130,0.018668805582260868,99.31192660550458
131,0.018663276567918444,99.54128440366972
132,0.018659699938917924,99.54128440366972
133,0.018658755893964287,99.54128440366972
134,0.018658521721874356,99.54128440366972
135,0.018653693651660867,99.54128440366972
136,0.018649491575469666,99.54128440366972
137,0.018646854189557766,99.54128440366972
138,0.018644762558674595,99.54128440366972
139,0.018642997634041748,99.54128440366972
140,0.018643836221666238,99.54128440366972
141,0.018640281188241934,99.54128440366972
142,0.018634415445251202,99.54128440366972
143,0.01863292960125372,99.54128440366972
144,0.018630306723467802,99.31192660550458
145,0.018630515971998555,99.54128440366972
146,0.01862491354551337,99.54128440366972
147,0.018630570620981925,99.31192660550458
148,0.018622325955454364,99.31192660550458
149,0.018618041751991717,99.54128440366972
150,0.018617211046432137,99.54128440366972
151,0.018613727609498785,99.54128440366972
152,0.01861111695852575,99.31192660550458
153,0.01860896403123753,99.54128440366972
154,0.018606637852317698,99.31192660550458
155,0.01860423493754426,99.08256880733946
156,0.018602013058208543,99.31192660550458
157,0.018599688049850113,99.54128440366972
158,0.018598382121994408,99.31192660550458
159,0.018599535039532076,99.31192660550458
160,0.0185957957024968,99.31192660550458
161,0.018589791183898207,99.54128440366972
162,0.018591257786258645,99.31192660550458
163,0.01858574990183115,99.54128440366972
164,0.018583662722499,99.31192660550458
165,0.018581892440625285,99.54128440366972
166,0.0185835777756271,99.54128440366972
167,0.018578736094433234,99.31192660550458
168,0.018577807480383905,99.31192660550458
169,0.018572904750568057,99.54128440366972
170,0.01857199927433095,99.31192660550458
171,0.018569836461352646,99.31192660550458
172,0.018567150270720142,99.31192660550458
173,0.018564225464990928,99.31192660550458
174,0.0185630703515826,99.54128440366972
175,0.018560748931806568,99.31192660550458
176,0.018556627039071343,99.31192660550458
177,0.018553675690648752,99.54128440366972
178,0.018553131541937863,99.54128440366972
179,0.0185505056907551,99.54128440366972
180,0.018548616267945787,99.54128440366972
181,0.01854565488430885,99.54128440366972
182,0.018543600813921438,99.54128440366972
183,0.01854289372648121,99.31192660550458
184,0.01854106536083812,99.54128440366972
185,0.018538556249658448,99.54128440366972
186,0.018535634477135784,99.31192660550458
187,0.018534888171616498,99.54128440366972
188,0.018530456101470583,99.54128440366972
189,0.018528391290968713,99.54128440366972
190,0.018528464472416892,99.54128440366972
191,0.018524634382696054,99.54128440366972
192,0.01852194721374763,99.54128440366972
193,0.018519101510627554,99.54128440366972
194,0.0185174623572635,99.54128440366972
195,0.018517048286120278,99.54128440366972
196,0.018514665202536713,99.54128440366972
197,0.018513540318662966,99.31192660550458
198,0.018509421941884065,99.54128440366972
199,0.018508908261946583,99.54128440366972
200,0.018504321284660504,99.54128440366972
201,0.01850269851061182,99.54128440366972
202,0.01850175335490649,99.31192660550458
203,0.018498577527838563,99.54128440366972
204,0.018497430497284875,99.54128440366972
205,0.018495561520850988,99.54128440366972
206,0.01849181220413895,99.54128440366972
207,0.018493443394267776,99.31192660550458
208,0.018494760233122822,99.31192660550458
209,0.018486085937384072,99.54128440366972
210,0.018485639039256156,99.54128440366972
211,0.01848218237998289,99.54128440366972
212,0.018482191607766194,99.54128440366972
213,0.018477729735297894,99.54128440366972
214,0.01847747511683254,99.31192660550458
215,0.018475748171363403,99.54128440366972
216,0.01847276694799235,99.54128440366972
217,0.0184722506022508,99.54128440366972
218,0.01846739862524315,99.54128440366972
219,0.018465988329449377,99.54128440366972
220,0.01846457641879353,99.54128440366972
221,0.018465499043327952,99.31192660550458
222,0.018460641760344898,99.54128440366972
223,0.01845825408850241,99.54128440366972
224,0.0184567258137902,99.54128440366972
225,0.018455822050673972,99.54128440366972
226,0.01845251532151885,99.54128440366972
227,0.01845104491696992,99.54128440366972
228,0.01844615610572723,99.54128440366972
229,0.01844650262607894,99.54128440366972
230,0.018443140107283897,99.54128440366972
231,0.018440701204155564,99.54128440366972
232,0.01844099143502909,99.54128440366972
233,0.01843755828951477,99.54128440366972
234,0.018436339230985817,99.54128440366972
235,0.018433237063843724,99.54128440366972
236,0.018433292934653955,99.54128440366972
237,0.018428798867475,99.54128440366972
238,0.01843098680907433,99.54128440366972
239,0.018425740404139964,99.54128440366972
240,0.01842384318043606,99.54128440366972
241,0.01842474229975578,99.54128440366972
242,0.018418492082882366,99.54128440366972
243,0.01842162518873127,99.31192660550458
244,0.01841598253594626,99.54128440366972
245,0.018416655634384636,99.54128440366972
246,0.01841808506074028,99.54128440366972
247,0.01841047765054834,99.54128440366972
248,0.01840956633859271,99.54128440366972
249,0.018405637797822647,99.54128440366972
250,0.018403691709588426,99.54128440366972
251,0.018401769630679295,99.54128440366972
252,0.018400908328182655,99.54128440366972
253,0.01840028551261906,99.54128440366972
254,0.01839929631133692,99.54128440366972
255,0.018394111809448912,99.54128440366972
256,0.018395301732106493,99.54128440366972
257,0.018391363374000297,99.54128440366972
258,0.0183906952654003,99.54128440366972
259,0.018386684041982945,99.54128440366972
260,0.018385725933204002,99.54128440366972
261,0.0183837842367111,99.54128440366972
262,0.01838062974461995,99.54128440366972
263,0.018378596240227377,99.54128440366972
264,0.01838030965161433,99.54128440366972
265,0.01837505744513842,99.54128440366972
266,0.018375945157892662,99.54128440366972
267,0.01837488879885422,99.54128440366972
268,0.018369053285398066,99.54128440366972
269,0.01836653180215337,99.54128440366972
270,0.018365474357995966,99.54128440366972
271,0.01836421144186357,99.54128440366972
272,0.018362125535623743,99.54128440366972
273,0.01835934750291459,99.54128440366972
274,0.01835727466082354,99.54128440366972
275,0.018356385858678215,99.54128440366972
276,0.018356194027588455,99.54128440366972
277,0.01835524141275828,99.54128440366972
278,0.01835076936409561,99.54128440366972
279,0.01834996300963087,99.54128440366972
280,0.018348046911692402,99.54128440366972
281,0.018343832873559875,99.54128440366972
282,0.018343898134494045,99.54128440366972
283,0.018343048358182294,99.54128440366972
284,0.018338809353769372,99.54128440366972
285,0.018338364335375095,99.54128440366972
286,0.018334851027765404,99.54128440366972
287,0.01833341383469214,99.54128440366972
288,0.018331529094128433,99.54128440366972
289,0.018329593515314095,99.54128440366972
290,0.01832692157220813,99.54128440366972
291,0.018324882338900086,99.54128440366972
292,0.018324093166909635,99.54128440366972
293,0.018322860839170053,99.54128440366972
294,0.018320207800203506,99.54128440366972
295,0.018318678602712964,99.54128440366972
296,0.01831659611417066,99.54128440366972
297,0.01831595299748379,99.54128440366972
298,0.018315135219365085,99.54128440366972
299,0.018309766067824234,99.54128440366972
300,0.01831100322306156,99.54128440366972
301,0.01830751374534784,99.54128440366972
302,0.018304246178734194,99.54128440366972
303,0.01830332275104085,99.54128440366972
304,0.018302597096958837,99.54128440366972
305,0.0183020672171351,99.54128440366972
306,0.01830060903085481,99.54128440366972
307,0.018296177780956303,99.54128440366972
308,0.018294070411576043,99.54128440366972
309,0.018293645813924456,99.54128440366972
310,0.01829192394800826,99.54128440366972
311,0.01828972969648488,99.54128440366972
312,0.018287942445742975,99.54128440366972
313,0.018285136225573515,99.54128440366972
314,0.018283724989912927,99.54128440366972
315,0.018280987614987913,99.54128440366972
316,0.018279106826136964,99.54128440366972
317,0.018277146178511304,99.54128440366972
318,0.01827707920872837,99.54128440366972
319,0.018275046712556562,99.54128440366972
320,0.018272071717939247,99.54128440366972
321,0.018271682202952718,99.54128440366972
322,0.018269933264600028,99.54128440366972
323,0.018267504426590895,99.54128440366972
324,0.018266780387370958,99.54128440366972
325,0.018266088730835038,99.54128440366972
326,0.01826078187537576,99.54128440366972
327,0.01826371414877406,99.54128440366972
328,0.018257733613867826,99.54128440366972
329,0.018257230349363537,99.54128440366972
330,0.01825522431471479,99.54128440366972
331,0.01825287310970486,99.54128440366972
332,0.018252382858083883,99.54128440366972
333,0.018252775346467253,99.54128440366972
334,0.018247450454109304,99.54128440366972
335,0.018246048548762953,99.54128440366972
336,0.01824291238407476,99.54128440366972
337,0.018241965267465476,99.54128440366972
338,0.018242901652504546,99.54128440366972
339,0.01824017615835054,99.54128440366972
340,0.018238424981405977,99.54128440366972
341,0.01823491132348229,99.54128440366972
342,0.01823401979145107,99.54128440366972
343,0.01823165697481381,99.54128440366972
344,0.018231504571137078,99.54128440366972
345,0.018229565002160882,99.54128440366972
346,0.01822771212308232,99.54128440366972
347,0.01822770729558457,99.54128440366972
348,0.018223695935459312,99.54128440366972
349,0.018224378483831336,99.54128440366972
350,0.01822072000951942,99.54128440366972
351,0.01821997823244935,99.54128440366972
352,0.01821742340102108,99.54128440366972
353,0.018215616096938968,99.54128440366972
354,0.018213361424795533,99.54128440366972
355,0.018214116667593837,99.54128440366972
356,0.018210456339181016,99.54128440366972
357,0.01820945973858374,99.54128440366972
358,0.018206263020839712,99.54128440366972
359,0.018205214308899476,99.54128440366972
360,0.01820456441662727,99.54128440366972
361,0.018200787792512035,99.54128440366972
362,0.018202688040878247,99.54128440366972
363,0.018197827391463136,99.54128440366972
364,0.018196201464588488,99.54128440366972
365,0.018196480622122046,99.54128440366972
366,0.01819350610598238,99.54128440366972
367,0.018191843481580598,99.54128440366972
368,0.018190212240186306,99.54128440366972
369,0.018189015422323974,99.54128440366972
370,0.01818654277797686,99.54128440366972
371,0.018187219721324945,99.54128440366972
372,0.018184406922087757,99.54128440366972
373,0.01818180275619577,99.54128440366972
374,0.018183706909281398,99.54128440366972
375,0.01817975869111785,99.54128440366972
376,0.018177448917146122,99.54128440366972
377,0.018174679608109895,99.54128440366972
378,0.018175526735706066,99.54128440366972
379,0.0181741664920925,99.54128440366972
380,0.018172440460857447,99.54128440366972
381,0.018170448054277567,99.54128440366972
382,0.018168052547363513,99.54128440366972
383,0.018165021570860793,99.54128440366972
384,0.01816466373793029,99.54128440366972
385,0.018161951538619645,99.54128440366972
386,0.01816173128510287,99.54128440366972
387,0.01815963128086077,99.54128440366972
388,0.01815785862368728,99.54128440366972
389,0.01815638709129817,99.54128440366972
390,0.018154285907950422,99.54128440366972
391,0.0181533047468017,99.54128440366972
392,0.018151355975674927,99.54128440366972
393,0.018150499748459104,99.54128440366972
394,0.01815123338286483,99.54128440366972
395,0.018146980605130897,99.54128440366972
396,0.018145354490282886,99.54128440366972
397,0.0181436449152614,99.54128440366972
398,0.018142592008097456,99.54128440366972
399,0.018142064161803743,99.54128440366972
400,0.018140908535740793,99.54128440366972
401,0.01813789867206451,99.54128440366972
402,0.018136322976799187,99.54128440366972
403,0.018134557616409905,99.54128440366972
404,0.018133656903588716,99.54128440366972
405,0.01813300816906155,99.54128440366972
406,0.018130314288609617,99.54128440366972
407,0.01812998505753525,99.54128440366972
408,0.018129026107148293,99.54128440366972
409,0.01812671042055985,99.54128440366972
410,0.01812668488181512,99.54128440366972
411,0.01812239059614479,99.54128440366972
412,0.018122865459582676,99.54128440366972
413,0.01812237660067344,99.54128440366972
414,0.018119881715659703,99.54128440366972
415,0.018115541530311655,99.54128440366972
416,0.018115101604286685,99.54128440366972
417,0.018114478998057067,99.54128440366972
418,0.018111626754318357,99.54128440366972
419,0.01810971312566635,99.54128440366972
420,0.018109265356025566,99.54128440366972
421,0.018107862134865666,99.54128440366972
422,0.018105564194671606,99.54128440366972
423,0.018108457121827185,99.31192660550458
424,0.018105014107711273,99.54128440366972
425,0.018102579809930346,99.54128440366972
426,0.018100418440929248,99.54128440366972
427,0.01809997821158362,99.54128440366972
428,0.018096711503666475,99.54128440366972
429,0.018096400510280504,99.31192660550458
430,0.018095551349154308,99.54128440366972
431,0.01809164580948856,99.54128440366972
432,0.01809054613967828,99.54128440366972
433,0.018088834343153403,99.54128440366972
434,0.018087491598151147,99.54128440366972
435,0.01808735517221033,99.54128440366972
436,0.018085423891150622,99.54128440366972
437,0.018084125362610053,99.54128440366972
438,0.018083883449435234,99.54128440366972
439,0.018080499484588248,99.54128440366972
440,0.018079156637055064,99.54128440366972
441,0.01807755962390145,99.54128440366972
442,0.018078218137315655,99.54128440366972
443,0.018076055221806425,99.54128440366972
444,0.01807394642553745,99.31192660550458
445,0.01807221934336041,99.54128440366972
446,0.018072402890805805,99.54128440366972
447,0.018069068089537663,99.54128440366972
448,0.01806999298684094,99.54128440366972
449,0.01806849180592583,99.54128440366972
450,0.018068618153931078,99.54128440366972
451,0.018064287243359678,99.54128440366972
452,0.01806278285835314,99.54128440366972
453,0.018060710349487603,99.54128440366972
454,0.018059422236380226,99.54128440366972
455,0.018061482287738302,99.54128440366972
456,0.018058296489537856,99.54128440366972
457,0.018060485994733803,99.54128440366972
458,0.018055391113419052,99.54128440366972
459,0.01805307625562226,99.54128440366972
460,0.018051003029040242,99.54128440366972
461,0.01804997211475985,99.54128440366972
462,0.01804891532850922,99.54128440366972
463,0.018047406312522538,99.54128440366972
464,0.01804658635562166,99.31192660550458
465,0.01804623464036972,99.31192660550458
466,0.018043157721468066,99.54128440366972
467,0.018042250275782764,99.54128440366972
468,0.01804286913108935,99.54128440366972
469,0.018040362215780335,99.54128440366972
470,0.018039971504599676,99.54128440366972
471,0.018036917193767127,99.54128440366972
472,0.018035805322776693,99.31192660550458
473,0.01803460495050894,99.54128440366972
474,0.01803733182883044,99.54128440366972
475,0.018035720076856263,99.54128440366972
476,0.018032094634590892,99.54128440366972
477,0.018029427865024553,99.31192660550458
478,0.018032817776665228,99.54128440366972
479,0.018027243247136063,99.54128440366972
480,0.018025687126733296,99.54128440366972
481,0.01803377880757555,99.54128440366972
482,0.018023108841355787,99.54128440366972
483,0.018021650766150667,99.54128440366972
484,0.018019993627153404,99.54128440366972
485,0.01801862574498588,99.54128440366972
486,0.018018771364533025,99.54128440366972
487,0.018016151981342824,99.54128440366972
488,0.018017153845194284,99.54128440366972
489,0.018014725536928265,99.54128440366972
490,0.018012901511761027,99.54128440366972
491,0.018009825942849896,99.54128440366972
492,0.018009431318405572,99.31192660550458
493,0.0180083045377097,99.54128440366972
494,0.018007291908111046,99.54128440366972
495,0.018005544285571905,99.54128440366972
496,0.018004179991986773,99.31192660550458
497,0.01800391670111396,99.31192660550458
498,0.018001803752342494,99.54128440366972
499,0.01800001686045883,99.54128440366972
500,0.018000868337075097,99.31192660550458
501,0.017997791084947937,99.31192660550458
502,0.018000282740237517,99.31192660550458
503,0.017996661860598336,99.31192660550458
504,0.01799343897183554,99.31192660550458
505,0.017992451000924503,99.31192660550458
506,0.01799168304429142,99.31192660550458
507,0.017990944787449795,99.31192660550458
508,0.017989762400815245,99.54128440366972
509,0.01798779118396,99.31192660550458
510,0.017987147913476744,99.31192660550458
511,0.01798527913356046,99.54128440366972
512,0.017985013727987303,99.31192660550458
513,0.01798256842094824,99.31192660550458
514,0.017981894391187286,99.31192660550458
515,0.01798089549218843,99.31192660550458
516,0.01797915183417841,99.31192660550458
517,0.01797788361207061,99.54128440366972
518,0.017977541363840804,99.31192660550458
519,0.01797592815934518,99.31192660550458
520,0.017975675181374638,99.54128440366972
521,0.01797325264901743,99.31192660550458
522,0.017973456343789714,99.54128440366972
523,0.017970799177953408,99.31192660550458
524,0.017970072831787646,99.31192660550458
525,0.017969257668207544,99.54128440366972
526,0.01796782728489659,99.31192660550458
527,0.017967969657631096,99.31192660550458
528,0.017964552370233273,99.31192660550458
529,0.017963215191805854,99.31192660550458
530,0.017966720267036638,99.54128440366972
531,0.017963265350789105,99.54128440366972
532,0.01796125794906135,99.31192660550458
533,0.017958856226209928,99.31192660550458
534,0.01795850964177639,99.31192660550458
535,0.017957493662834167,99.31192660550458
536,0.017955099446100926,99.31192660550458
537,0.017954802807044545,99.31192660550458
538,0.017956445403738853,99.31192660550458
539,0.01795124325798739,99.54128440366972
540,0.017950934204144762,99.54128440366972
541,0.017948787890101243,99.31192660550458
542,0.017949787660612972,99.31192660550458
543,0.017948368205389847,99.31192660550458
544,0.017945333055024028,99.31192660550458
545,0.017946152700060003,99.31192660550458
546,0.017942658258140634,99.31192660550458
547,0.01794276465106448,99.31192660550458
548,0.017940947222053458,99.31192660550458
549,0.01794058407460331,99.31192660550458
550,0.017939783376427966,99.31192660550458
551,0.0179411203626099,99.31192660550458
552,0.017941822323503845,99.31192660550458
553,0.017936964280083092,99.54128440366972
554,0.017935485638883135,99.31192660550458
555,0.017934845196544577,99.31192660550458
556,0.017931829539871,99.31192660550458
557,0.017932019119552518,99.31192660550458
558,0.017931266713443153,99.31192660550458
559,0.01792942370296618,99.31192660550458
560,0.0179285897591382,99.31192660550458
561,0.01792734114606993,99.31192660550458
562,0.017924804274642138,99.31192660550458
563,0.017926249977782232,99.31192660550458
564,0.017923036838001616,99.31192660550458
565,0.017923345874755754,99.31192660550458
566,0.017923138488870147,99.54128440366972
567,0.017921812311156627,99.31192660550458
568,0.01791955687857549,99.31192660550458
569,0.017917448774390263,99.31192660550458
570,0.017919334967475418,99.31192660550458
571,0.01791714374488647,99.31192660550458
572,0.017914608061108568,99.31192660550458
573,0.01791671168383792,99.31192660550458
574,0.01791440776694532,99.31192660550458
575,0.017911433814725746,99.31192660550458
576,0.01791123663066724,99.31192660550458
577,0.01791326097563046,99.54128440366972
578,0.017911840452376857,99.54128440366972
579,0.017907959366336875,99.31192660550458
580,0.01790645051696295,99.31192660550458
581,0.017905612211298504,99.31192660550458
582,0.017902700760222358,99.31192660550458
583,0.017903779556445027,99.31192660550458
584,0.017900979778635393,99.31192660550458
585,0.01790277687234616,99.31192660550458
586,0.017900937313743686,99.31192660550458
587,0.017900219375113827,99.54128440366972
588,0.017897405148987924,99.31192660550458
589,0.017895465374949876,99.31192660550458
590,0.017898012935226665,99.31192660550458
591,0.017893220263815256,99.31192660550458
592,0.017892650952306362,99.31192660550458
593,0.01789266165824385,99.31192660550458
594,0.0178910509059462,99.31192660550458
595,0.017889489001090372,99.31192660550458
596,0.017888403446370854,99.31192660550458
597,0.01788862123060117,99.31192660550458
598,0.01788789666163812,99.31192660550458
599,0.017886808979401893,99.31192660550458
600,0.01788587957073789,99.31192660550458
601,0.01788381200044527,99.31192660550458
602,0.017883829943357257,99.31192660550458
603,0.01788242509024679,99.31192660550458
604,0.01788049042566654,99.31192660550458
605,0.01787977070983397,99.31192660550458
606,0.0178795791307994,99.54128440366972
607,0.017876895870842516,99.31192660550458
608,0.017876944342337615,99.31192660550458
609,0.01787528303374938,99.31192660550458
610,0.017874713038700984,99.31192660550458
611,0.017875987848420757,99.31192660550458
612,0.017872495696358723,99.31192660550458
613,0.017871653370627568,99.31192660550458
614,0.017870042960099673,99.31192660550458
615,0.01786913251111267,99.31192660550458
616,0.0178681430705917,99.31192660550458
617,0.017867656484451315,99.31192660550458
618,0.01786800616617323,99.31192660550458
619,0.0178653490345139,99.31192660550458
620,0.017864588989850577,99.31192660550458
621,0.01786359171425804,99.54128440366972
622,0.017863592397797546,99.31192660550458
623,0.017862579768198893,99.31192660550458
624,0.0178623160330254,99.31192660550458
625,0.017858478898575548,99.31192660550458
626,0.017859208722248537,99.31192660550458
627,0.017857054692752863,99.31192660550458
628,0.01785691636144568,99.31192660550458
629,0.017855519753530485,99.31192660550458
630,0.0178542006248181,99.31192660550458
631,0.017853137362030667,99.31192660550458
632,0.01785281831142279,99.54128440366972
633,0.017852334391086473,99.31192660550458
634,0.0178500917663268,99.31192660550458
635,0.01784944460821261,99.31192660550458
636,0.017850935399327257,99.54128440366972
637,0.017847927577725246,99.31192660550458
638,0.017848713562712757,99.54128440366972
639,0.017846443066629795,99.54128440366972
640,0.017846434043908337,99.31192660550458
641,0.017844072064606968,99.31192660550458
642,0.017845427232939717,99.31192660550458
643,0.017841892932123002,99.31192660550458
644,0.017841375543983705,99.31192660550458
645,0.017840502040306908,99.31192660550458
646,0.01784104836779997,99.31192660550458
647,0.017840636620691065,99.31192660550458
648,0.017836923377776363,99.31192660550458
649,0.01783929563580303,99.54128440366972
650,0.017835840018927504,99.31192660550458
651,0.017834641141902415,99.31192660550458
652,0.017837427368541377,99.54128440366972
653,0.01783367625753814,99.54128440366972
654,0.01783195957370581,99.31192660550458
655,0.017831655936913753,99.31192660550458
656,0.017831372943014727,99.31192660550458
657,0.017829151772851243,99.31192660550458
658,0.01783145567692748,99.31192660550458
659,0.017830567212279783,99.31192660550458
660,0.01782630475391762,99.31192660550458
661,0.01782642196385412,99.54128440366972
662,0.01782432106246642,99.31192660550458
663,0.017825809973847428,99.54128440366972
664,0.017824137250149467,99.54128440366972
665,0.01782379063581108,99.54128440366972
666,0.0178222230832101,99.31192660550458
667,0.017822306107627143,99.54128440366972
668,0.01781997660499647,99.54128440366972
669,0.017819594506413565,99.31192660550458
670,0.017822872821685917,99.31192660550458
671,0.0178189531071197,99.54128440366972
672,0.017817213251298175,99.31192660550458
673,0.017814706925541983,99.31192660550458
674,0.01781471298341084,99.31192660550458
675,0.017816897772184207,99.54128440366972
676,0.01781338936897046,99.54128440366972
677,0.017811609227039397,99.31192660550458
678,0.01781118107498239,99.54128440366972
679,0.017812692961834985,99.31192660550458
680,0.017810066341670282,99.31192660550458
681,0.017811383650458736,99.31192660550458
682,0.017809133959609435,99.31192660550458
683,0.0178065203437838,99.31192660550458
684,0.01780580970193815,99.31192660550458
685,0.017805282214502675,99.31192660550458
686,0.017804157569867755,99.54128440366972
687,0.017805547291122444,99.54128440366972
688,0.01780249053663617,99.54128440366972
689,0.017800444634545835,99.31192660550458
690,0.017801648057108627,99.31192660550458
691,0.017799287111660757,99.54128440366972
692,0.017799963832858506,99.54128440366972
693,0.01779887580885253,99.31192660550458
694,0.017797612516773403,99.31192660550458
695,0.017795676801251162,99.31192660550458
696,0.01779669696687285,99.54128440366972
697,0.017794452599087438,99.31192660550458
698,0.01779367120235885,99.54128440366972
699,0.01779503087350808,99.54128440366972
700,0.017791968385834214,99.54128440366972
701,0.017792133255562653,99.54128440366972
702,0.017790686988502467,99.31192660550458
703,0.01778894744027372,99.31192660550458
704,0.01779009046357706,99.31192660550458
705,0.01778749431218576,99.31192660550458
706,0.017788545463507603,99.31192660550458
707,0.01778837656516821,99.31192660550458
708,0.017785339761491215,99.54128440366972
709,0.017784420375225193,99.31192660550458
710,0.017784926177369893,99.31192660550458
711,0.017788701895795286,99.31192660550458
712,0.017783094154790454,99.31192660550458
713,0.017782986129916044,99.54128440366972
714,0.017780986828131413,99.54128440366972
715,0.017779885748520904,99.31192660550458
716,0.01778203471128,99.54128440366972
717,0.017778515422699648,99.54128440366972
718,0.017778801740309515,99.54128440366972
719,0.017779161888730088,99.31192660550458
720,0.017776224693847358,99.54128440366972
721,0.017774831571983635,99.54128440366972
722,0.017775278290682428,99.31192660550458
723,0.01777331966804255,99.31192660550458
724,0.01777406907512234,99.31192660550458
725,0.01777142135921968,99.31192660550458
726,0.017771109887356057,99.54128440366972
727,0.017772949804816772,99.54128440366972
728,0.01776997763834415,99.31192660550458
729,0.01776930915379743,99.31192660550458
730,0.017769355326890945,99.54128440366972
731,0.017766901975446336,99.31192660550458
732,0.017767556404712004,99.31192660550458
733,0.01776576725714797,99.54128440366972
734,0.01776616528220133,99.54128440366972
735,0.017764683248936583,99.54128440366972
736,0.017764341598803843,99.54128440366972
737,0.017766425010124477,99.54128440366972
738,0.01776171715742131,99.54128440366972
739,0.01776184582518875,99.54128440366972
740,0.017760136788454624,99.54128440366972
741,0.01775992024313966,99.31192660550458
742,0.017758876691922682,99.31192660550458
743,0.01775835938068158,99.31192660550458
744,0.017761496587767513,99.31192660550458
745,0.017758161273844743,99.54128440366972
746,0.017757491627280866,99.54128440366972
747,0.017755268739724377,99.54128440366972
748,0.017755808966627363,99.31192660550458
749,0.0177544821566398,99.31192660550458
750,0.017753528465234904,99.54128440366972
751,0.01775158543583997,99.54128440366972
752,0.017753728332185963,99.31192660550458
753,0.017753021287466954,99.31192660550458
754,0.017753131687641144,99.54128440366972
755,0.01774937683425912,99.54128440366972
756,0.017749647960203504,99.54128440366972
757,0.017748363589474913,99.54128440366972
758,0.017747976210549337,99.54128440366972
759,0.01774667555876418,99.54128440366972
760,0.017745841943889583,99.54128440366972
761,0.01774678607428566,99.31192660550458
762,0.01774589441409078,99.31192660550458
763,0.01774533359556023,99.54128440366972
764,0.017743159136777625,99.54128440366972
765,0.017743937816436683,99.54128440366972
766,0.017741353951667975,99.54128440366972
767,0.01774039413404027,99.54128440366972
768,0.017741170011187364,99.31192660550458
769,0.0177430346471454,99.31192660550458
770,0.017740451773508973,99.31192660550458
771,0.017742244919779104,99.31192660550458
772,0.0177385705702622,99.54128440366972
773,0.0177363303977005,99.54128440366972
774,0.017735926741990475,99.54128440366972
775,0.01773666754074463,99.54128440366972
776,0.01773549720576597,99.54128440366972
777,0.017737060281183194,99.31192660550458
778,0.01773480640365443,99.54128440366972
779,0.01773429529553433,99.31192660550458
780,0.01773283926240348,99.54128440366972
781,0.017733260912290955,99.31192660550458
782,0.017731342293800564,99.54128440366972
783,0.017730549080382792,99.54128440366972
784,0.01773078596099801,99.54128440366972
785,0.01772983784898432,99.54128440366972
786,0.017728340948735356,99.54128440366972
787,0.017728047641934058,99.31192660550458
788,0.017727899629998645,99.54128440366972
789,0.01772668581763539,99.54128440366972
790,0.01772885725175569,99.54128440366972
791,0.017727035960746467,99.54128440366972
792,0.017724244479397567,99.54128440366972
793,0.017723579147676808,99.54128440366972
794,0.017722974727870128,99.54128440366972
795,0.017722184222977642,99.54128440366972
796,0.017721317640138328,99.54128440366972
797,0.017722968661457027,99.31192660550458
798,0.017721282967596973,99.31192660550458
799,0.01771989854377344,99.54128440366972
800,0.01771966608053227,99.54128440366972
801,0.01772166953481939,99.54128440366972
802,0.0177187462755983,99.54128440366972
803,0.01771740370148092,99.54128440366972
804,0.017716469157726393,99.54128440366972
805,0.017717416893793355,99.54128440366972
806,0.017716932067767196,99.54128440366972
807,0.017714752191934018,99.54128440366972
808,0.017716682558759637,99.54128440366972
809,0.01771424052843807,99.54128440366972
810,0.01771370273664457,99.54128440366972
811,0.01771196134285916,99.54128440366972
812,0.01771324194557623,99.31192660550458
813,0.017710762987032943,99.54128440366972
814,0.017709856724725404,99.54128440366972
815,0.017710716557612114,99.54128440366972
816,0.017712178392284506,99.54128440366972
817,0.017708119474898237,99.54128440366972
818,0.017707765102386475,99.54128440366972
819,0.01770680906985878,99.54128440366972
820,0.017707211965131104,99.54128440366972
821,0.017705417332162552,99.54128440366972
822,0.017707612809784914,99.54128440366972
823,0.01770822326182772,99.54128440366972
824,0.01770461194319736,99.54128440366972
825,0.017703603030344763,99.54128440366972
826,0.017703720385533406,99.54128440366972
827,0.017703526508097256,99.54128440366972
828,0.0177022971110333,99.54128440366972
829,0.017701604634249975,99.54128440366972
830,0.01770083589154646,99.54128440366972
831,0.017704031575436985,99.54128440366972
832,0.01769908881583892,99.54128440366972
833,0.01769939528931992,99.54128440366972
834,0.01770083578474341,99.54128440366972
835,0.01769786651049732,99.54128440366972
836,0.017697220001745662,99.54128440366972
837,0.017697394765708425,99.54128440366972
838,0.017696533082992932,99.54128440366972
839,0.017697623392584128,99.54128440366972
840,0.01769560486625094,99.54128440366972
841,0.01769561131715501,99.54128440366972
842,0.017696864544114937,99.54128440366972
843,0.017694842369389643,99.31192660550458
844,0.017693956288585968,99.54128440366972
845,0.017691855088149737,99.54128440366972
846,0.017693182043389443,99.31192660550458
847,0.01769133549559554,99.54128440366972
848,0.01769052727848565,99.54128440366972
849,0.01769301536228132,99.54128440366972
850,0.01769009425620967,99.54128440366972
851,0.017689224922123853,99.54128440366972
852,0.01768895524015667,99.54128440366972
853,0.017688097346813307,99.54128440366972
854,0.017687068030306504,99.54128440366972
855,0.01768738338980106,99.54128440366972
856,0.017688594553448737,99.31192660550458
857,0.017686892574259993,99.31192660550458
858,0.017689058352090895,99.54128440366972
859,0.017686521455030375,99.54128440366972
860,0.01768366387541141,99.54128440366972
861,0.01768295871897028,99.54128440366972
862,0.017683299600121077,99.54128440366972
863,0.017683086950981287,99.54128440366972
864,0.01768264924645971,99.54128440366972
865,0.017681944085746457,99.54128440366972
866,0.01768097549745249,99.54128440366972
867,0.017682241703118752,99.54128440366972
868,0.017680708387302697,99.54128440366972
869,0.017679102428325818,99.54128440366972
870,0.01767811671309515,99.54128440366972
871,0.017678648882776225,99.54128440366972
872,0.017677209075164357,99.54128440366972
873,0.01767765141066608,99.54128440366972
874,0.0176801019168775,99.54128440366972
875,0.017678409549963036,99.54128440366972
876,0.017676253435671876,99.54128440366972
877,0.017676531875488954,99.54128440366972
878,0.0176738081072722,99.54128440366972
879,0.017674383040893516,99.54128440366972
880,0.017675367756447662,99.54128440366972
881,0.01767418347299099,99.54128440366972
882,0.017673401495253822,99.54128440366972
883,0.017671833652148552,99.54128440366972
884,0.017671045676352234,99.54128440366972
885,0.01767042932023696,99.54128440366972
886,0.017671891496679106,99.54128440366972
887,0.01767102259834972,99.54128440366972
888,0.01766947009216208,99.54128440366972
889,0.017668558455525188,99.54128440366972
890,0.017668324599572276,99.54128440366972
891,0.01766822165852293,99.54128440366972
892,0.01766704979839675,99.54128440366972
893,0.01766629284247756,99.54128440366972
894,0.01766599249949149,99.54128440366972
895,0.017667206598086915,99.54128440366972
896,0.017665330363317914,99.54128440366972
897,0.017665460124748563,99.54128440366972
898,0.01766456874651373,99.54128440366972
899,0.017664356020475745,99.54128440366972
900,0.017663486968349972,99.54128440366972
901,0.017663617797811098,99.54128440366972
902,0.01766495464728513,99.54128440366972
903,0.017662591241095045,99.54128440366972
904,0.017663205717476683,99.54128440366972
905,0.01766189393681397,99.54128440366972
906,0.01766019636645503,99.54128440366972
907,0.017659712762255735,99.54128440366972
908,0.017659581001472035,99.54128440366972
909,0.0176588568255442,99.54128440366972
910,0.017661913938888715,99.31192660550458
911,0.017657888489305426,99.54128440366972
912,0.01765940191412191,99.31192660550458
913,0.017657745441575664,99.54128440366972
914,0.017656962293277092,99.54128440366972
915,0.017656938933314534,99.54128440366972
916,0.01765535295077967,99.54128440366972
917,0.01765592740592333,99.54128440366972
918,0.01765494236568792,99.54128440366972
919,0.017654328008925697,99.54128440366972
920,0.017655644258227916,99.54128440366972
921,0.017653881187695977,99.54128440366972
922,0.0176526652649045,99.54128440366972
923,0.017651648183754826,99.54128440366972
924,0.017652679567968628,99.54128440366972
925,0.017651486518117813,99.54128440366972
926,0.017650540525076586,99.54128440366972
927,0.017649770876683228,99.54128440366972
928,0.017650095728832648,99.54128440366972
929,0.017651524010259625,99.54128440366972
930,0.017649608399343052,99.54128440366972
931,0.017648940256566083,99.54128440366972
932,0.017648387802850215,99.54128440366972
933,0.017648504671016963,99.54128440366972
934,0.017646610514696584,99.54128440366972
935,0.017647881881086104,99.54128440366972
936,0.017647749846886603,99.54128440366972
937,0.017646387031455654,99.54128440366972
938,0.017647573570592687,99.54128440366972
939,0.017649825730728447,99.31192660550458
940,0.01764752532979217,99.54128440366972
941,0.01764811455793337,99.54128440366972
942,0.017648986480925062,99.54128440366972
943,0.01764384514455675,99.54128440366972
944,0.017642788794062555,99.54128440366972
945,0.01764205431377669,99.54128440366972
946,0.017641931122869527,99.54128440366972
947,0.017641113917215154,99.54128440366972
948,0.01764051380370735,99.54128440366972
949,0.017642951203048776,99.54128440366972
950,0.0176425592016873,99.54128440366972
951,0.01764105945620515,99.54128440366972
952,0.017640044895607398,99.54128440366972
953,0.01763994332163706,99.54128440366972
954,0.017640645684110463,99.54128440366972
955,0.017641107714094155,99.54128440366972
956,0.01763731292491659,99.54128440366972
957,0.01763770509716294,99.54128440366972
958,0.017639110599635938,99.54128440366972
959,0.017636469266283403,99.54128440366972
960,0.017636143012877997,99.54128440366972
961,0.017635829985962,99.54128440366972
962,0.017637406510018973,99.54128440366972
963,0.017634745644525104,99.54128440366972
964,0.017635570292215828,99.54128440366972
965,0.017634444489835872,99.54128440366972
966,0.017635018949251655,99.54128440366972
967,0.017634725539919432,99.54128440366972
968,0.01763266371135865,99.54128440366972
969,0.017633249128767108,99.54128440366972
970,0.01763180983380987,99.54128440366972
971,0.017631806740793614,99.54128440366972
972,0.017631341968107662,99.54128440366972
973,0.017631164299102005,99.54128440366972
974,0.01763190311986372,99.54128440366972
975,0.017631284858382078,99.54128440366972
976,0.017629897717489015,99.54128440366972
977,0.017630299416567206,99.54128440366972
978,0.01763033365335213,99.54128440366972
979,0.017629627668119353,99.54128440366972
980,0.0176275213924023,99.54128440366972
981,0.017627814588128426,99.54128440366972
982,0.017629152189495914,99.54128440366972
983,0.017626927567457935,99.54128440366972
984,0.017628450758345085,99.54128440366972
985,0.017629386088170045,99.54128440366972
986,0.017627243653213213,99.54128440366972
987,0.017628693423413354,99.54128440366972
988,0.017625908478410966,99.54128440366972
989,0.017625590478745075,99.54128440366972
990,0.017624396181434666,99.54128440366972
991,0.01762458316366607,99.54128440366972
992,0.017625231893921116,99.54128440366972
993,0.017623715717858132,99.54128440366972
994,0.017623289838569974,99.54128440366972
995,0.017624634685456206,99.54128440366972
996,0.01762241384851823,99.54128440366972
997,0.01762205705798547,99.54128440366972
998,0.01762233906929646,99.54128440366972
999,0.01762033113782559,99.54128440366972
